keywords,associated,action
of,,remove
the,,remove
and,,remove
in,,remove
with,,remove
above,,remove
among,,remove
on,,remove
a,,remove
under,,remove
selective,,remove
over,,remove
against,,remove
down,,remove
known,,remove
as,,remove
amid,,remove
amidst,,remove
taste,food,
meal,food,
fungus,mushroom,
fungi,mushroom,
organic,mushroom,
surface,texture,
material,texture,
flora,plant,
nature,plant,
natural,plant,
botany,plant,
biology,plant,
seasonal,plant,
organic,plant,
flora,plants,
nature,plants,
natural,plants,
botany,plants,
biology,plants,
seasonal,plants,
organic,plants,
plant,plants,
air,sky,
high,sky,
atmosphere,sky,
climate,sky,
heaven,sky,
meteorology,sky,
weather,sky,
air,cloud,
climate,cloud,
clouds,cloud,
cloudscape,cloud,
meteorology,cloud,
weather,cloud,
fluffy,cloud,
air,clouds,
climate,clouds,
clouds,clouds,
cloudscape,clouds,
meteorology,clouds,
weather,clouds,
fluffy,clouds,
cloud,clouds,
protein,meat,
food,dairy,
nutrition,dairy,
product,dairy,
cuisine,dairy,
milk,dairy,
gastronomy,dairy,
editorial,game,
entertainment,game,
gaming,game,
play,game,
hobbie,game,
nature,leaf,
natural,leaf,
season,leaf,
plant,leaf,
organic,leaf,
nature,leaves,
natural,leaves,
season,leaves,
plant,leaves,
leaf,leaves,
foliage,leaves,
organic,leaves,
food,ingredient,
cook,ingredient,
cooking,ingredient,
meal,ingredient,
dish,ingredient,
gourmet,ingredient,
tasty,ingredient,
lunch,ingredient,
dinner,ingredient,
delicious,ingredient,
gastronomy,ingredient,
condiment,ingredient,
nature,wildlife,
natural,wildlife,
animal,wildlife,
fauna,wildlife,
wild,wildlife,
biology,wildlife,
habitat,wildlife,
environment,wildlife,
organic,wildlife,
movement,falling,
fall,falling,
nature,trees,
natural,trees,
plant,trees,
flora,trees,
biology,trees,
seasonal,trees,
wood,trees,
tree,trees,
nature,tree,
natural,tree,
plant,tree,
flora,tree,
biology,tree,
seasonal,tree,
wood,tree,
branch,treetop,
natural,treetop,
nature,treetop,
plant,treetop,
flora,treetop,
tree,treetop,
season,treetop,
biology,treetop,
seasonal,treetop,
grain,rice,
meal,rice,
food,rice,
gastronomy,rice,
nutrition,rice,
tasty,rice,
ingredient,rice,
organic,rice,
nature,flower,
natural,flower,
plant,flower,
season,flower,
flora,flower,
biology,flower,
botanical,flower,
floral,flower,
seasonal,flower,
petal,flower,
organic,flower,
nature,flowers,
natural,flowers,
plant,flowers,
season,flowers,
flora,flowers,
biology,flowers,
botanical,flowers,
floral,flowers,
seasonal,flowers,
petal,flowers,
flower,flowers,
organic,flowers,
agriculture,fruit,
nutrition,fruit,
natural,fruit,
organic,fruit,
food,fruit,
harvest,fruit,
taste,fruit,
agriculture,vegetable food,
nutrition,vegetable food,
natural,vegetable food,
organic,vegetable food,
food,vegetable food,
harvest,vegetable food,
taste,vegetable food,
horticultural,vegetable food,
animal,birds,
fauna,birds,
biology,birds,
bird,birds,
birdwatching,birds,
food,sauce,
cook,sauce,
cooking,sauce,
meal,sauce,
dish,sauce,
gourmet,sauce,
tasty,sauce,
lunch,sauce,
dinner,sauce,
delicious,sauce,
gastronomy,sauce,
food,dish,
cook,dish,
cooking,dish,
meal,dish,
dish,dish,
gourmet,dish,
tasty,dish,
lunch,dish,
dinner,dish,
delicious,dish,
gastronomy,dish,
food,cooking,
cook,cooking,
dish,cooking,
meal,cooking,
gourmet,cooking,
tasty,cooking,
lunch,cooking,
dinner,cooking,
delicious,cooking,
wet,water,
liquid,water,
aqua,water,
texture,water,
biology,life,
blur,blurred,
bokeh,blurred,
defocused,blurred,
focus,blurred,
satellite,moon,
space,moon,
universe,moon,
crater,moon,
close up,,compound
bell pepper,,compound
ground beef,,compound
vegetable food,,compound
